perftest01,Resto2022
perftest02,Resto2022
perftest03,Resto2022
perftest04,Resto2022
perftest05,Resto2022
perftest06,Resto2022
perftest07,Resto2022
perftest08,Resto2022
perftest09,Resto2022
perftest10,Resto2022
perftest11,Resto2022
perftest12,Resto2022
perftest13,Resto2022
perftest14,Resto2022
perftest15,Resto2022
perftest16,Resto2022
perftest17,Resto2022
perftest18,Resto2022
perftest19,Resto2022
perftest20,Resto2022
perftest21,Resto2022
perftest22,Resto2022
perftest23,Resto2022
perftest24,Resto2022
perftest25,Resto2022
perftest26,Resto2022
perftest27,Resto2022
perftest28,Resto2022
perftest29,Resto2022
perftest30,Resto2022
perftest31,Resto2022
perftest32,Resto2022
perftest33,Resto2022
perftest34,Resto2022
perftest35,Resto2022
perftest36,Resto2022
perftest37,Resto2022
perftest38,Resto2022
perftest39,Resto2022
perftest40,Resto2022
perftest41,Resto2022
perftest42,Resto2022
perftest43,Resto2022
perftest44,Resto2022
perftest45,Resto2022
perftest46,Resto2022
perftest47,Resto2022
perftest48,Resto2022
perftest49,Resto2022
perftest50,Resto2022
perftest51,Resto2022
perftest52,Resto2022
perftest53,Resto2022
perftest54,Resto2022
perftest55,Resto2022
perftest56,Resto2022
perftest57,Resto2022
perftest58,Resto2022
perftest59,Resto2022
perftest60,Resto2022